Loan_ID,Gender,Married,Dependents,Education,Self_Employed,ApplicantIncome,Coapplicant_Income,LoanAmount,Loan,Loan_Amount_Term,Credit_History,Emi,Loan_Status,Alloted_amount
LP001002,Male,No,0,Graduate,No,52690,0,100000,100000,12,1,920.5942229,Y,79035
LP001003,Male,Yes,1,Graduate,No,45830,15080,18000,18000,18,1,202.2272764,N,91365
LP001005,Male,Yes,0,Graduate,Yes,3000,0,85000,85000,18,1,954.9621326,Y,10800
LP001006,Male,Yes,0,Not Graduate,No,25830,23580,100000,100000,18,1,1123.242469,Y,74115
LP001008,Male,No,0,Graduate,No,60000,0,150000,150000,18,1,1685.227303,Y,90000
LP001011,Male,Yes,2,Graduate,Yes,54170,41960,220000,220000,18,1,1571.666711,Y,144195
LP001013,Male,Yes,0,Not Graduate,No,23330,15160,95000,95000,18,1,1067.310625,Y,57735
LP001014,Male,Yes,3,Graduate,No,30180,25040,125000,125000,18,0,1404.356086,N,82830
LP001018,Male,Yes,2,Graduate,No,40060,15260,165000,165000,18,1,1853.750033,Y,82980
LP001020,Male,Yes,1,Graduate,No,122610,109680,500000,500000,18,1,5617.415343,N,348435
LP001015,Male,Yes,2,Graduate,No,32000,7000,100000,100000,18,1,1123.242469,Y,58500
LP001027,Male,Yes,2,Graduate,,25000,12600,80000,80000,18,1,898.7878949,Y,56400
LP001028,Male,Yes,2,Graduate,No,30730,81060,250000,250000,18,1,2808.712172,Y,167685
LP001029,Male,No,0,Graduate,No,18530,22600,100000,100000,18,1,1123.242469,N,61695
LP001030,Male,Yes,2,Graduate,No,12990,10860,100000,100000,15,1,1016.991568,Y,35775
LP001032,Male,No,0,Graduate,No,49500,0,70000,70000,18,1,786.4394081,Y,74250
LP001034,Male,No,1,Not Graduate,No,35960,0,75000,75000,15,,762.7443509,Y,53940
LP001018,Female,No,0,Graduate,No,35100,0,125000,125000,18,0,1404.356086,N,52650
LP001038,Male,Yes,0,Not Graduate,No,24870,0,86000,86000,18,1,966.1969871,N,37305
LP001041,Male,Yes,0,Graduate,,26000,35000,13000,13000,18,1,146.0530329,Y,91500
LP001043,Male,Yes,0,Not Graduate,No,76600,0,200000,200000,18,0,2156.969737,N,114900
LP001046,Male,Yes,1,Graduate,No,59550,56250,30000,30000,18,1,337.0454606,Y,173700
LP001047,Male,Yes,0,Not Graduate,No,26000,19110,100000,100000,18,0,1123.242469,N,67665
LP001050,,Yes,2,Not Graduate,No,31850,19170,145000,145000,18,0,1629.05306,N,76530
LP001052,Male,Yes,1,Graduate,,37170,29250,166000,166000,18,,1864.982482,N,99630
LP001066,Male,Yes,0,Graduate,Yes,95600,0,170000,170000,18,1,1909.915277,Y,143400
LP001068,Male,Yes,0,Graduate,No,27990,22530,250000,250000,18,1,2808.712172,Y,75780
LP001073,Male,Yes,2,Not Graduate,No,42260,10400,255000,255000,18,1,2864.886415,Y,78990
LP001086,Male,No,0,Not Graduate,No,14420,0,50000,50000,18,1,561.7415343,N,21630
LP001087,Female,No,2,Graduate,,37500,20830,100000,100000,18,1,1123.242469,Y,87495
LP001091,Male,Yes,1,Graduate,,41660,31890,150000,150000,18,,1685.227303,N,110325
LP001095,Male,No,0,Graduate,No,31670,0,90000,90000,18,1,1011.118382,N,47505
LP001097,Male,No,1,Graduate,Yes,46920,0,100000,100000,18,1,1123.242469,N,70380
LP001098,Male,Yes,0,Graduate,No,35000,16670,200000,200000,18,1,2156.969737,Y,77505
LP001100,Male,No,3,Graduate,No,125000,3000,350000,350000,18,1,3932.19704,N,192000
LP001106,Male,Yes,0,Graduate,No,22750,20670,150000,150000,18,1,1685.227303,Y,65130
LP001109,Male,Yes,0,Graduate,No,18280,1330,55000,55000,15,0,559.3458573,N,29415
LP001112,Female,Yes,0,Graduate,No,18670,14590,95000,95000,18,1,1067.310625,Y,49890
LP001114,Male,No,0,Graduate,No,41660,72100,110000,110000,18,1,1235.833356,Y,170640
LP001116,Male,No,0,Not Graduate,No,3724,16680,140000,140000,18,1,1572.878816,Y,30606
LP001119,Male,No,0,Graduate,No,1800,0,25000,25000,15,1,254.158117,N,2700
LP00112,Male,No,0,Graduate,No,1800,12130,100000,100000,18,1,1123.242469,Y,20895
LP001123,Male,Yes,0,Graduate,No,1500,0,25000,25000,15,,254.158117,Y,2250
LP001131,Male,Yes,0,Graduate,No,39410,23180,134000,134000,18,1,1505.469715,Y,93885
LP001118,Male,Yes,0,Not Graduate,Yes,46950,0,100000,100000,12,1,920.5942229,Y,70425
LP001137,Female,No,0,Graduate,No,34100,0,100000,100000,15,1,1016.991568,Y,51150
LP001138,Male,Yes,1,Graduate,No,56490,0,125000,125000,18,1,1404.356086,Y,84735
LP001144,Male,Yes,0,Graduate,No,58210,0,13000,13000,18,1,146.0530329,Y,87315
LP001146,Female,Yes,0,Graduate,No,26450,34400,100000,100000,18,0,1123.242469,N,91275
LP001151,Female,No,0,Graduate,No,40000,22750,200000,200000,18,1,2156.969737,Y,94125
LP001155,Female,Yes,0,Not Graduate,No,19280,16440,80000,80000,18,1,898.7878949,Y,53580
LP001157,Female,No,0,Graduate,No,30860,0,90000,90000,18,1,1011.118382,Y,46290
LP001164,Female,No,0,Graduate,No,4230,0,110000,110000,18,1,1235.833356,N,6345
LP001179,Male,Yes,2,Graduate,No,46160,0,100000,100000,18,1,1123.242469,N,69240
LP001186,Female,Yes,1,Graduate,Yes,115000,0,300000,300000,18,0,3370.454606,N,172500
LP001194,Male,Yes,2,Graduate,No,27080,11670,100000,100000,18,1,1123.242469,Y,58125
LP001195,Male,Yes,0,Graduate,No,21320,15910,75000,75000,15,1,762.7443509,Y,55845
LP001197,Male,Yes,0,Graduate,No,31860,22000,120000,120000,18,1,1324.181262,N,80790
LP001198,Male,Yes,1,Graduate,No,80800,22500,225000,225000,18,1,2527.260955,Y,154950
LP001199,Male,Yes,2,Not Graduate,No,33570,28590,13000,13000,18,1,146.0530329,Y,93240
LP00125,Male,Yes,0,Graduate,No,25000,37960,150000,150000,18,1,1685.227303,Y,94440
LP00126,Male,Yes,3,Graduate,No,30290,0,95000,95000,18,1,1067.310625,Y,45435
LP00127,Male,Yes,0,Not Graduate,Yes,26090,34490,120000,120000,18,0,1161.11233,N,90870
LP001213,Male,Yes,1,Graduate,No,49450,0,110000,110000,18,0,1235.833356,N,74175
LP001222,Female,No,0,Graduate,No,41660,0,100000,100000,18,0,1123.242469,N,62490
LP001225,Male,Yes,0,Graduate,No,57260,45950,30000,30000,18,1,337.0454606,N,154815
LP001228,Male,No,0,Not Graduate,No,32000,22540,18000,18000,18,0,174.1662695,N,81810
LP001233,Male,Yes,1,Graduate,No,107500,0,265000,265000,18,1,2977.234902,Y,161250
LP001238,Male,Yes,3,Not Graduate,Yes,71000,0,175000,175000,60,1,2399.408863,Y,106500
LP001151,Female,No,0,Graduate,No,4300,0,100000,100000,18,0,1123.242469,N,6450
LP001153,Male,Yes,0,Graduate,No,32080,30660,125000,125000,18,1,1404.356086,Y,94110
LP001155,Male,Yes,2,Not Graduate,Yes,18750,18750,100000,100000,18,1,1123.242469,Y,56250
LP001158,Male,No,0,Graduate,No,35000,0,100000,100000,30,1,1068.913303,Y,52500
LP001250,Male,Yes,3,Not Graduate,No,47550,0,100000,100000,15,0,1016.991568,N,71325
LP001253,Male,Yes,3,Graduate,Yes,52660,17740,23000,23000,18,1,258.4015198,Y,105600
LP001255,Male,No,0,Graduate,No,37500,0,100000,100000,24,1,1151.122616,N,56250
LP001256,Male,No,0,Graduate,No,37500,47500,250000,250000,18,1,2808.712172,N,127500
LP001259,Male,Yes,1,Graduate,Yes,10000,30220,180000,180000,18,1,2022.272764,N,60330
LP001263,Male,Yes,3,Graduate,No,31670,40000,260000,260000,30,0,2779.174588,N,107505
LP001264,Male,Yes,3,Not Graduate,Yes,33330,21660,180000,180000,18,,2022.272764,Y,82485
LP001265,Female,No,0,Graduate,No,32660,0,150000,150000,18,1,1685.227303,Y,48990
LP001266,Male,Yes,1,Graduate,Yes,23950,0,50000,50000,12,1,460.2971114,Y,35925
LP001267,Female,Yes,2,Graduate,No,13780,18810,100000,100000,18,1,1123.242469,N,48885
LP001273,Male,Yes,0,Graduate,No,60000,22500,300000,300000,18,,3370.454606,N,123750
LP001275,Male,Yes,1,Graduate,No,39880,0,200000,200000,15,1,2033.926918,Y,59820
LP001279,Male,No,0,Graduate,No,21860,25310,150000,150000,18,1,1685.227303,Y,70755
LP001280,Male,Yes,2,Not Graduate,No,33330,20000,155000,155000,18,,1741.401546,Y,79995
LP001282,Male,Yes,0,Graduate,No,25000,2118,80000,80000,18,1,898.7878949,Y,40677
LP001289,Male,No,0,Graduate,No,85660,0,170000,170000,18,1,1909.915277,Y,128490
LP001310,Male,Yes,0,Graduate,No,56950,41670,220000,220000,18,1,1571.666711,Y,147930
LP001316,Male,Yes,0,Graduate,No,29580,29000,125000,125000,18,1,1404.356086,Y,87870
LP001318,Male,Yes,2,Graduate,No,62500,56540,235000,235000,18,1,2273.264979,Y,178560
LP001319,Male,Yes,2,Not Graduate,No,32730,18200,100000,100000,18,1,1123.242469,Y,76395
LP001322,Male,No,0,Graduate,No,41330,0,100000,100000,18,1,1123.242469,Y,61995
LP001325,Male,No,0,Not Graduate,No,18200,0,70000,70000,12,1,644.415956,Y,27300
LP001326,Male,No,0,Graduate,,67820,0,130000,130000,18,,1460.530329,N,101730
LP001327,Female,Yes,0,Graduate,No,15260,23020,190000,190000,18,1,2134.62125,Y,57420
LP001333,Male,Yes,0,Graduate,No,19770,9970,90000,90000,18,1,1011.118382,Y,44610
LP001334,Male,Yes,0,Not Graduate,No,41880,0,85000,85000,18,1,822.4545669,Y,62820
LP001343,Male,Yes,0,Graduate,No,17590,35410,125000,125000,18,1,1404.356086,Y,79500
LP001345,Male,Yes,2,Not Graduate,No,42880,32630,260000,260000,18,1,2515.743381,Y,113265
LP001349,Male,No,0,Graduate,No,24430,38060,250000,250000,18,1,2808.712172,Y,93735
LP001350,Male,Yes,,Graduate,No,118500,0,400000,400000,18,1,4493.939475,Y,177750
LP001356,Male,Yes,0,Graduate,No,46520,35830,255000,255000,18,1,2864.886415,Y,123525
LP001357,Male,,,Graduate,No,38160,7540,125000,125000,18,1,1404.356086,Y,68550
LP001187,Male,Yes,1,Graduate,No,30520,1030,100000,100000,18,1,1123.242469,Y,47325
LP001189,Male,Yes,2,Graduate,No,114170,11260,320000,320000,18,1,3595.15158,Y,188145
LP001370,Male,No,0,Not Graduate,,73330,0,200000,200000,18,1,2156.969737,N,109995
LP001379,Male,Yes,2,Graduate,No,38000,1800,200000,200000,18,0,2156.969737,N,59700
LP001326,Male,Yes,3,Not Graduate,No,20710,7540,100000,100000,24,1,1151.122616,Y,42375
LP001385,Male,No,0,Graduate,No,53160,0,165000,165000,18,1,1853.750033,Y,79740
LP001387,Female,Yes,0,Graduate,,29290,23330,95500,95500,18,1,1072.92805,Y,78930
LP001391,Male,Yes,0,Not Graduate,No,35720,41140,235000,235000,18,0,2640.189441,N,115290
LP001392,Female,No,1,Graduate,Yes,74510,0,200000,200000,18,1,2156.969737,Y,111765
LP001398,Male,No,0,Graduate,,50500,0,200000,200000,18,1,2156.969737,Y,75750
LP001401,Male,Yes,1,Graduate,No,145830,0,320000,320000,18,1,3096.299546,Y,218745
LP001404,Female,Yes,0,Graduate,No,31670,22830,160000,160000,18,1,1797.57579,Y,81750
LP001405,Male,Yes,1,Graduate,No,22140,13980,120000,120000,18,,1324.181262,Y,54180
LP001421,Male,Yes,0,Graduate,No,55680,21420,150000,150000,18,1,1685.227303,N,115650
LP001422,Female,No,0,Graduate,No,104080,0,200000,200000,18,1,2156.969737,Y,156120
LP001426,Male,Yes,,Graduate,No,56670,26670,225500,225500,18,1,2533.458379,Y,125010
LP001430,Female,No,0,Graduate,No,41660,0,115000,115000,18,1,1292.007599,Y,62490
LP001431,Female,No,0,Graduate,No,21370,89800,265000,265000,18,0,2977.234902,Y,166755
LP001432,Male,Yes,2,Graduate,No,29570,0,50000,50000,18,1,243.7968041,Y,44355
LP001439,Male,Yes,0,Not Graduate,No,4300,20140,50000,50000,18,1,561.7415343,Y,36660
LP001443,Female,No,0,Graduate,No,18920,0,125000,125000,18,,1404.356086,Y,28380
LP001424,,Yes,3,Graduate,No,238030,0,450000,450000,18,1,5055.681909,Y,357045
LP001449,Male,No,0,Graduate,No,38650,16400,110000,110000,18,1,1235.833356,Y,82575
LP001451,Male,Yes,1,Graduate,Yes,105130,38500,250000,250000,18,0,1518.92602,N,215445
LP001465,Male,Yes,0,Graduate,No,60800,25690,200000,200000,18,,2156.969737,N,129735
LP001469,Male,No,0,Graduate,Yes,201660,0,450000,450000,24,,5585.07787,Y,302490
LP001473,Male,No,0,Graduate,No,20140,19290,80000,80000,18,1,898.7878949,Y,59145
LP001478,Male,No,0,Graduate,No,2718,0,20000,20000,15,1,203.3926918,Y,4077
LP001242,Male,Yes,0,Graduate,Yes,34590,0,100000,100000,12,1,920.5942229,Y,51885
LP001247,Male,No,0,Graduate,No,24950,0,110000,110000,18,1,1235.833356,Y,37425
LP001248,Male,Yes,3,Graduate,No,40000,77500,230000,230000,18,1,2526.015198,N,176250
LP001249,Female,Yes,0,Graduate,No,45830,0,200000,200000,18,1,2156.969737,N,68745
LP001491,Male,Yes,2,Graduate,Yes,33160,35000,120000,120000,18,1,1324.181262,Y,102240
LP001492,Male,No,0,Graduate,No,149990,0,295000,295000,18,0,3314.280183,N,224985
LP001493,Male,Yes,2,Not Graduate,No,42000,1430,125000,125000,18,1,1404.356086,N,65145
LP001497,Male,Yes,2,Graduate,No,50420,20830,190000,190000,18,1,2134.62125,N,106875
LP001498,Male,No,0,Graduate,No,54170,0,180000,180000,18,1,2022.272764,Y,81255
LP001504,Male,No,0,Graduate,Yes,69500,0,210000,210000,18,1,2031.946577,Y,104250
LP001507,Male,Yes,0,Graduate,No,26980,20340,110000,110000,18,1,1235.833356,Y,70980
LP001508,Male,Yes,2,Graduate,No,117570,0,250000,250000,18,1,1518.92602,Y,176355
LP001514,Female,Yes,0,Graduate,No,2330,42460,260000,260000,18,1,2921.060659,Y,67185
LP001516,Female,Yes,2,Graduate,No,124660,0,285000,285000,18,1,3201.931876,Y,186990
LP001518,Male,Yes,1,Graduate,No,15380,14250,160000,160000,18,1,1797.57579,Y,44445
LP001519,Female,No,0,Graduate,No,100000,16660,300000,300000,18,1,3370.454606,N,174990
LP001520,Male,Yes,0,Graduate,No,24600,830,145000,145000,18,1,1629.05306,Y,38145
LP001528,Male,No,0,Graduate,No,62770,0,160000,160000,18,0,1797.57579,N,94155
LP001529,Male,Yes,0,Graduate,Yes,25770,37500,210000,210000,18,1,2359.318215,Y,94905
LP001531,Male,No,0,Graduate,No,91660,0,300000,300000,18,1,3370.454606,N,137490
LP001532,Male,Yes,2,Not Graduate,No,22810,0,150000,150000,18,1,1685.227303,N,34215
LP001535,Male,No,0,Graduate,No,32540,0,950000,950000,18,1,10673.10625,Y,48810
LP001518,Male,Yes,3,Graduate,No,399990,0,600000,600000,18,0,5805.561649,Y,599985
LP001541,Male,Yes,1,Graduate,No,60000,0,200000,200000,18,,2156.969737,Y,90000
LP001543,Male,Yes,1,Graduate,No,95380,0,250000,250000,18,1,2808.712172,Y,143070
LP001546,Male,No,0,Graduate,,29800,20830,180000,180000,18,1,2022.272764,Y,75945
LP001552,Male,Yes,0,Graduate,No,45830,56250,280000,280000,18,1,3145.757632,Y,153120
LP001560,Male,Yes,0,Not Graduate,No,18630,10410,100000,100000,18,1,1123.242469,Y,43560
LP001562,Male,Yes,0,Graduate,No,79330,0,250000,250000,18,1,2808.712172,N,118995
LP001565,Male,Yes,1,Graduate,No,30890,12800,185000,185000,18,0,2078.447007,N,65535
LP001570,Male,Yes,2,Graduate,No,41670,14470,200000,200000,18,1,2156.969737,Y,84210
LP001572,Male,Yes,0,Graduate,No,93230,0,300000,300000,18,1,2902.780825,Y,139845
LP001574,Male,Yes,0,Graduate,No,37070,31660,300000,300000,18,1,3370.454606,Y,103095
LP001577,Female,Yes,0,Graduate,No,45830,0,200000,200000,18,1,2156.969737,N,68745
LP001578,Male,Yes,0,Graduate,No,15390,33330,200000,200000,18,1,2156.969737,Y,73080
LP001579,Male,No,0,Graduate,No,22370,0,125000,125000,24,0,1551.410519,N,33555
LP001580,Male,Yes,2,Graduate,No,80000,0,265000,265000,18,1,2977.234902,Y,120000
LP001581,Male,Yes,0,Not Graduate,,18200,17690,100000,100000,18,1,1123.242469,Y,53835
LP001585,,Yes,3,Graduate,No,517630,0,190000,190000,30,1,2030.935276,Y,776445
LP001586,Male,Yes,3,Not Graduate,No,35220,0,140000,140000,18,1,1354.631051,N,52830
LP001594,Male,Yes,0,Graduate,No,57080,56250,200000,200000,18,1,2156.969737,Y,169995
LP001603,Male,Yes,0,Not Graduate,Yes,43440,7180,200000,200000,18,1,2156.969737,N,75930
LP001606,Male,Yes,0,Graduate,No,34970,19640,210000,210000,18,1,2359.318215,Y,81915
LP001608,Male,Yes,2,Graduate,No,20450,16190,65000,65000,18,1,730.2651646,Y,54960
LP001610,Male,Yes,3,Graduate,No,55160,11300,155000,155000,18,0,2752.537928,N,99690
LP001616,Male,Yes,1,Graduate,No,37500,0,200000,200000,18,1,2156.969737,Y,56250
LP001630,Male,No,0,Not Graduate,No,23330,14510,200000,200000,24,0,1582.256831,N,56760
LP001633,Male,Yes,1,Graduate,No,64000,72500,300000,300000,18,0,3370.454606,N,204750
LP001634,Male,No,0,Graduate,No,19160,50630,185000,185000,18,,2078.447007,N,104685
LP001618,Male,Yes,0,Graduate,No,46000,0,90000,90000,18,1,870.8341574,Y,69000
LP001637,Male,Yes,1,Graduate,No,332660,0,700000,700000,18,1,7864.394081,N,498990
LP001639,Female,Yes,0,Graduate,No,18250,0,145000,145000,18,1,1629.05306,Y,27375
LP001640,Male,Yes,0,Graduate,Yes,391470,47500,355000,355000,18,1,3988.371226,Y,658455
LP001641,Male,Yes,1,Graduate,Yes,21780,0,100000,100000,30,0,1068.913303,N,32670
LP001643,Male,Yes,0,Graduate,No,23830,21380,100000,100000,18,,1123.242469,Y,67815
LP001644,Male,Yes,0,Graduate,Yes,6740,52960,155000,155000,18,1,2752.537928,Y,89550
LP001647,Male,Yes,0,Graduate,No,93280,0,180000,180000,18,1,3243.318989,Y,139920
LP001653,Male,No,0,Not Graduate,No,24850,0,210000,210000,18,1,2359.318215,Y,37275
LP001656,Male,No,0,Graduate,No,12000,0,50000,50000,15,1,508.4962339,N,18000
LP001657,Male,Yes,0,Not Graduate,No,60330,0,145000,145000,18,1,1629.05306,N,90495
LP001658,Male,No,0,Graduate,No,38580,0,145000,145000,18,1,1629.05306,Y,57870
LP001664,Male,No,0,Graduate,No,41910,0,200000,200000,18,1,2156.969737,Y,62865
LP001665,Male,Yes,1,Graduate,No,31250,25830,280000,280000,18,1,3145.757632,N,85620
LP001666,Male,No,0,Graduate,No,83330,37500,185000,185000,18,1,2078.447007,Y,181245
LP001669,Female,No,0,Not Graduate,No,19070,21850,75000,75000,15,1,762.7443509,Y,61380
LP001671,Female,Yes,0,Graduate,No,34160,28160,200000,200000,18,,2156.969737,Y,93480
LP001673,Male,No,0,Graduate,Yes,110000,0,830000,830000,18,1,9315.91541,N,165000
LP001674,Male,Yes,1,Not Graduate,No,26000,25000,200000,200000,18,1,2156.969737,Y,76500
LP001677,Male,No,2,Graduate,No,49230,0,165000,165000,18,0,1853.750033,Y,73845
LP001682,Male,Yes,3,Not Graduate,No,39920,0,102000,102000,18,1,986.9452403,N,59880
LP001688,Male,Yes,1,Not Graduate,No,35000,10830,135000,135000,18,1,1516.704573,Y,68745
LP001691,Male,Yes,2,Not Graduate,No,39170,0,115000,115000,18,1,1393.121237,Y,58755
LP001692,Female,No,0,Not Graduate,No,44080,0,120000,120000,18,1,1324.181262,Y,66120
LP001693,Female,No,0,Graduate,No,31540,0,135000,135000,18,1,1516.704573,Y,47310
LP001698,Male,No,0,Not Graduate,No,39750,25310,175000,175000,18,1,1966.09852,Y,97590
LP001699,Male,No,0,Graduate,No,15790,0,102500,102500,18,1,1151.57199,Y,23685
LP001702,Male,No,0,Graduate,No,34180,0,127000,127000,18,1,1426.825783,N,51270
LP001708,Female,No,0,Graduate,No,100000,0,2000000,2000000,18,1,21569.69737,N,150000
LP001711,Male,Yes,3,Graduate,No,3430,12500,75000,75000,12,0,690.4456672,N,23895
LP001713,Male,Yes,1,Graduate,Yes,77870,0,150000,150000,18,1,2696.181885,Y,116805
LP001715,Male,Yes,3,Not Graduate,Yes,57030,0,130000,130000,18,1,1460.530329,Y,85545
LP001716,Male,Yes,0,Graduate,No,31730,30210,127000,127000,18,1,1426.825783,Y,92910
LP001720,Male,Yes,3,Not Graduate,No,38500,9830,100000,100000,18,1,1123.242469,Y,72495
LP001722,Male,Yes,0,Graduate,No,1500,1800,65000,65000,18,1,730.2651646,N,4950
LP001726,Male,Yes,0,Graduate,No,37270,17750,131000,131000,18,1,1471.765178,Y,82530
LP001732,Male,Yes,2,Graduate,,50000,0,126500,126500,18,0,1421.208359,N,75000
LP001734,Female,Yes,2,Graduate,No,42830,23830,327000,327000,18,,1873.795521,Y,99990
LP001718,Male,Yes,0,Graduate,No,22210,0,125000,125000,18,0,1404.356086,N,33315
LP001743,Male,Yes,2,Graduate,No,40090,17170,116000,116000,18,1,1303.151524,Y,85890
LP001744,Male,No,0,Graduate,No,29710,27910,144000,144000,18,1,1617.818211,Y,86430
LP001749,Male,Yes,0,Graduate,No,75780,10100,1750000,1750000,18,1,120.523416,Y,128820
LP001750,Male,Yes,0,Graduate,No,62500,0,128000,128000,18,1,1438.060632,Y,93750
LP001751,Male,Yes,0,Graduate,No,32500,0,170000,170000,18,1,1909.915277,N,48750
LP001754,Male,Yes,,Not Graduate,Yes,47350,0,138000,138000,18,1,1550.409119,N,71025
LP001758,Male,Yes,2,Graduate,No,62500,16950,210000,210000,18,1,2359.318215,Y,119175
LP001760,Male,,,Graduate,No,47580,0,158000,158000,24,1,1960.982896,Y,71370
LP001761,Male,No,0,Graduate,Yes,64000,0,200000,200000,18,1,2156.969737,Y,96000
LP001765,Male,Yes,1,Graduate,No,15910,20540,175000,175000,18,1,1966.09852,Y,54675
LP001768,Male,Yes,0,Graduate,,37160,0,123000,123000,18,1,1190.140138,Y,55740
LP001770,Male,No,0,Not Graduate,No,31890,25980,120000,120000,15,1,8.26446281,Y,86805
LP001776,Female,No,0,Graduate,No,83330,0,1500000,1500000,18,1,16852.27303,Y,124995
LP001778,Male,Yes,1,Graduate,No,31550,17790,140000,140000,18,1,1572.878816,Y,74010
LP001726,Male,Yes,1,Graduate,No,55000,12600,370000,370000,18,1,4156.894014,Y,101400
LP001786,Male,Yes,0,Graduate,,57460,0,255000,255000,18,,2864.886415,N,86190
LP001788,Female,No,0,Graduate,Yes,34630,0,122000,122000,18,,1370.65154,Y,51945
LP001790,Female,No,1,Graduate,No,38120,0,112000,112000,18,1,1258.303053,Y,57180
LP001792,Male,Yes,1,Graduate,No,33150,0,160000,160000,18,1,1797.57579,Y,49725
LP001798,Male,Yes,2,Graduate,No,58190,50000,1620000,1620000,18,1,18200.45247,Y,162285
LP00180,Male,Yes,1,Not Graduate,No,25100,19830,140000,140000,18,1,1354.631051,N,67395
LP00186,Male,No,0,Graduate,No,29650,57010,755000,755000,60,1,10351.73538,Y,129990
LP00187,Male,Yes,2,Graduate,Yes,62500,1300,280000,280000,18,1,3145.757632,Y,95700
LP001811,Male,Yes,0,Not Graduate,No,34060,44170,323000,323000,18,1,1828.856126,Y,117345
LP001813,Male,No,0,Graduate,Yes,60500,43330,1200000,1200000,18,1,11611.1233,N,155745
LP001814,Male,Yes,2,Graduate,No,97030,0,1120000,1120000,18,1,12583.03053,Y,145545
LP001819,Male,Yes,1,Not Graduate,No,66080,0,737000,737000,18,1,7131.162492,Y,99120
LP001815,Male,Yes,1,Graduate,No,28820,12630,123000,123000,24,1,1526.587951,Y,62175
LP001825,Male,Yes,0,Graduate,No,1890,18680,90000,90000,18,1,1011.118382,Y,30855
LP001835,Male,Yes,0,Not Graduate,No,16680,38900,101000,101000,18,0,1134.719717,N,83370
LP001818,Female,No,2,Graduate,No,34270,0,138000,138000,18,1,1550.409119,N,51405
LP001261,Male,No,0,Not Graduate,Yes,25830,21670,104000,104000,18,1,1168.415263,Y,71250
LP001263,Male,Yes,1,Not Graduate,No,26610,71010,279000,279000,18,1,2699.586167,Y,146430
LP001264,Male,No,0,Graduate,Yes,162500,0,1920000,1920000,18,0,21570.90924,N,243750
LP001266,Female,No,3,Graduate,No,30830,0,155000,155000,18,1,1741.401546,Y,46245
LP001269,Male,No,0,Not Graduate,No,60450,0,315000,315000,18,0,3538.977318,N,90675
LP001854,Male,Yes,3,Graduate,No,52500,0,185000,185000,18,1,4100.719771,N,78750
LP001859,Male,Yes,0,Graduate,No,146830,21000,2040000,2040000,18,1,22919.09132,N,251745
LP001864,Male,Yes,3,Not Graduate,No,49310,0,128000,128000,18,,1438.060632,N,73965
LP001865,Male,Yes,1,Graduate,No,60830,42500,890000,890000,18,,9999.015331,Y,154995
LP001868,Male,No,0,Graduate,No,20600,22090,134000,134000,18,1,1505.469715,Y,64035
LP001870,Female,No,1,Graduate,No,32410,0,155000,155000,18,1,1741.401546,N,48615
LP001871,Female,No,0,Graduate,No,72000,0,320000,320000,18,1,3595.15158,Y,108000
LP001872,Male,No,0,Graduate,Yes,51660,0,128000,128000,18,1,1438.060632,Y,77490
LP001875,Male,No,0,Graduate,No,40950,34470,451000,451000,18,1,5066.916758,Y,113130
LP001877,Male,Yes,2,Graduate,No,47080,13870,350000,350000,18,1,3932.19704,Y,91425
LP001882,Male,Yes,3,Graduate,No,43330,18110,160000,160000,18,0,1797.57579,Y,92160
LP001883,Female,No,0,Graduate,,3418,0,75000,75000,18,1,262.6118515,N,5127
LP001826,Female,No,1,Graduate,No,28760,15600,190000,190000,18,1,2134.62125,Y,66540
LP001888,Female,No,0,Graduate,No,32370,0,120000,120000,18,1,1324.181262,Y,48555
LP001891,Male,Yes,0,Graduate,No,111460,0,1180000,1180000,18,1,15279.39421,Y,167190
LP001892,Male,No,0,Graduate,No,28330,18570,126000,126000,18,1,1415.590935,Y,70350
LP001894,Male,Yes,0,Graduate,No,26200,22230,150000,150000,18,1,1685.227303,Y,72645
LP001896,Male,Yes,2,Graduate,No,39000,0,190000,190000,18,1,2134.62125,Y,58500
LP001900,Male,Yes,1,Graduate,No,27500,12620,115000,115000,18,1,1292.007599,Y,60180
LP001903,Male,Yes,0,Graduate,No,39930,32740,207000,207000,18,1,2325.611878,Y,109005
LP001904,Male,Yes,0,Graduate,No,31030,1300,280000,280000,18,1,3145.757632,Y,48495
LP001907,Male,Yes,0,Graduate,No,145830,0,1418000,1418000,18,1,16133.15271,Y,218745
LP001908,Female,Yes,0,Not Graduate,No,41000,0,115000,115000,18,,1393.121237,Y,61500
LP001910,Male,No,1,Not Graduate,Yes,40530,15260,258000,258000,18,0,2898.590961,N,83685
LP001914,Male,Yes,0,Graduate,No,39270,8000,112000,112000,18,1,1258.303053,Y,70905
LP001915,Male,Yes,2,Graduate,No,23010,9857.999878,178000,178000,18,1,1722.316623,Y,49301.99982
LP001917,Female,No,0,Graduate,No,18110,16660,154000,154000,18,1,1730.166698,Y,52155
LP001922,Male,Yes,0,Graduate,No,206670,0,125000,125000,18,1,1404.356086,N,310005
LP001915,Male,No,0,Graduate,No,31580,30530,249000,249000,18,1,5493.261008,Y,93165
LP001925,Female,No,0,Graduate,Yes,26000,17170,399000,399000,30,1,4264.964079,N,64755
LP001926,Male,Yes,0,Graduate,No,37040,20000,120000,120000,18,1,1324.181262,Y,85560
LP001931,Female,No,0,Graduate,No,41150,0,195000,195000,18,1,2190.795494,Y,61725
LP001935,Male,No,0,Graduate,No,95080,0,187000,187000,18,1,2100.916704,Y,142620
LP001918,Male,Yes,0,Graduate,No,30750,15160,239000,239000,18,1,2685.128818,Y,68865
LP001938,Male,Yes,2,Graduate,No,44000,0,127000,127000,18,0,1426.825783,N,66000
LP001940,Male,Yes,2,Graduate,No,31530,15600,134000,134000,18,1,1505.469715,Y,70695
LP001945,Female,No,,Graduate,No,54170,0,143000,143000,24,0,1774.811834,N,81255
LP001947,Male,Yes,0,Graduate,No,23830,33340,172000,172000,18,1,1932.393974,Y,85755
LP001949,Male,Yes,3,Graduate,,44160,12500,210000,210000,18,1,2359.318215,Y,84990
LP001953,Male,Yes,1,Graduate,No,68750,0,200000,200000,18,1,2156.969737,Y,103125
LP001954,Female,Yes,1,Graduate,No,46660,0,135000,135000,18,1,1516.704573,Y,69990
LP001955,Female,No,0,Graduate,No,50000,25410,451000,451000,24,1,5597.249154,N,113115
LP001963,Male,Yes,1,Graduate,No,20140,29250,113000,113000,18,1,1269.537902,N,74085
LP001964,Male,Yes,0,Not Graduate,No,1800,29340,123000,123000,18,0,1381.886388,N,46710
LP001972,Male,Yes,,Not Graduate,No,28750,17500,105000,105000,18,1,1179.659112,Y,69375
LP001974,Female,No,0,Graduate,No,50000,0,132000,132000,18,1,1243.000027,Y,75000
LP001977,Male,Yes,1,Graduate,No,16250,1830,96000,96000,18,1,1078.545474,Y,27120
LP001978,Male,No,0,Graduate,No,40000,25000,140000,140000,18,1,1572.878816,Y,97500
LP001990,Male,No,0,Not Graduate,No,20000,0,75000,75000,18,1,262.6118515,N,30000
LP001993,Female,No,0,Graduate,No,37620,16660,135000,135000,18,1,1516.704573,Y,81420
LP001994,Female,No,0,Graduate,No,1500,18630,104000,104000,18,0,1168.415263,N,30195
LP001996,Male,No,0,Graduate,No,202330,0,1980000,1980000,18,1,22155.0004,N,303495
LP001998,Male,Yes,2,Not Graduate,No,76670,0,185000,185000,18,,2078.447007,Y,115005
LP002002,Female,No,0,Graduate,No,29170,0,26000,26000,18,1,943.7272897,Y,43755
LP002004,Male,No,0,Not Graduate,No,29270,1550,111000,111000,18,1,1157.068204,Y,46230
LP002006,Female,No,0,Graduate,No,25070,0,156000,156000,18,1,1752.618395,Y,37605
LP002008,Male,Yes,2,Graduate,Yes,57460,0,144000,144000,26,,1509.504183,Y,86190
LP002015,,Yes,0,Graduate,No,15730,12630,159000,159000,18,1,1786.340941,N,42540
LP002031,Male,Yes,1,Not Graduate,No,33990,16400,111000,111000,18,1,1074.028905,Y,75585
LP002035,Male,Yes,2,Graduate,No,37170,0,120000,120000,18,1,1324.181262,Y,55755
LP002018,Male,Yes,0,Graduate,No,20580,21340,288000,288000,18,,3235.612622,Y,62880
LP002043,Female,No,1,Graduate,No,35410,0,112000,112000,18,,1258.303053,Y,53115
LP002050,Male,Yes,1,Graduate,Yes,100000,0,1550000,1550000,18,1,17414.01546,N,150000
LP002051,Male,Yes,0,Graduate,No,1500,21670,115000,115000,18,1,1292.007599,Y,34755
LP002053,Male,Yes,3,Graduate,No,43420,1890,115000,115,18,1,1393.121237,Y,67965
LP002054,Male,Yes,2,Not Graduate,No,1810,15900,123500,123500,18,1,1387.503813,Y,26565
LP002055,Female,No,0,Graduate,No,31660,29850,132000,132000,18,,1243.000027,Y,92265
LP002065,Male,Yes,3,Graduate,No,150000,0,2000000,2000000,18,1,21569.69737,Y,225000
LP002067,Male,Yes,1,Graduate,Yes,86660,49830,1776000,1776000,18,0,19953.09127,N,204735
LP002068,Male,No,0,Graduate,No,49170,0,130000,130000,18,0,1460.530329,Y,73755
LP002082,Male,Yes,0,Graduate,Yes,5818,21600,126000,126000,18,1,2067.212158,Y,41127
LP002086,Female,Yes,0,Graduate,No,43330,15510,110000,110000,18,1,1235.833356,N,88260
LP002087,Female,No,0,Graduate,No,25000,0,67000,67000,18,1,752.732462,Y,37500
LP002097,Male,No,1,Graduate,No,43260,17930,117000,117000,18,1,1314.477296,Y,91785
LP002098,Male,No,0,Graduate,No,29350,0,98000,98000,18,1,1101.015171,Y,44025
LP002100,Male,No,,Graduate,No,28330,0,171000,171000,18,1,1921.159125,Y,42495
LP002101,Male,Yes,0,Graduate,,63337,0,490000,490000,18,1,4741.20868,Y,95005.5
LP002103,,Yes,1,Graduate,Yes,98330,18330,1820000,1820000,18,1,17610.20187,Y,174990
LP002106,Male,Yes,,Graduate,Yes,55030,44900,700000,700000,18,1,24.20918639,Y,149895
LP002110,Male,Yes,1,Graduate,,52500,6880,560000,560000,18,1,6291.515265,Y,89070
LP002112,Male,Yes,2,Graduate,Yes,25000,46000,176000,176000,18,1,1977.333189,Y,106500
LP002113,Female,No,3,Not Graduate,No,1830,0,65000,65000,18,0,730.2651646,N,2745
LP002114,Female,No,0,Graduate,No,41600,0,371000,371000,18,1,4168.128863,Y,62400
LP002115,Male,Yes,3,Not Graduate,No,26470,15870,173000,173,18,1,1943.628823,N,63510
LP002116,Female,No,0,Graduate,No,23780,0,46000,46,18,1,516.8030396,N,35670
LP002119,Male,Yes,1,Not Graduate,No,45540,12290,158000,158,18,1,1775.106093,Y,86745
LP002126,Male,Yes,3,Not Graduate,No,31730,0,74000,74,18,1,831.3788028,Y,47595
LP002128,Male,Yes,2,Graduate,,25830,2330,125000,125,18,1,1404.356086,Y,42240
LP002129,Male,Yes,0,Graduate,No,15990,15580,160000,160,18,1,1797.57579,Y,47355
LP002130,Male,Yes,,Not Graduate,No,35230,3230,152000,152,18,0,1707.697,N,57690
LP002131,Male,Yes,2,Not Graduate,No,30830,21680,126000,126,18,1,1415.590935,Y,78765
LP002137,Male,Yes,0,Graduate,No,63330,45830,259000,259,18,,2909.82581,Y,163740
LP002138,Male,Yes,0,Graduate,No,26250,62500,187000,187,18,1,2100.916704,Y,133125
LP002139,Male,Yes,0,Graduate,No,90830,0,228000,228,18,1,2561.545501,Y,136245
LP002140,Male,No,0,Graduate,No,87500,41670,308000,308,18,1,3460.333396,N,193755
LP002141,Male,Yes,3,Graduate,No,26660,20830,95000,95,18,1,1067.310625,Y,71235
LP002142,Female,Yes,0,Graduate,Yes,55000,0,105000,105,18,0,1179.659112,N,82500
LP002143,Female,Yes,0,Graduate,No,15230,5050,130000,130,18,1,1460.530329,Y,30420
LP002144,Female,No,,Graduate,No,38130,0,116000,116,18,1,1122.408585,Y,57195
LP002149,Male,Yes,2,Graduate,No,83330,31670,165000,165,18,1,1853.750033,Y,172500
LP002151,Male,Yes,1,Graduate,No,38750,0,67000,67,18,1,752.732462,N,58125
LP002158,Male,Yes,0,Not Graduate,No,3000,16660,100000,100,24,0,1151.122616,N,29490
LP002160,Male,Yes,3,Graduate,No,51670,31670,200000,200,18,1,2156.969737,Y,125010
LP002161,Female,No,1,Graduate,No,47230,0,81000,81,18,1,910.0227418,N,70845
LP002170,Male,Yes,2,Graduate,No,50000,18670,218000,218,18,1,2651.41529,Y,103005
LP002175,Male,Yes,0,Graduate,No,47500,23330,130000,130,18,1,1460.530329,Y,106245
LP002178,Male,Yes,0,Graduate,No,30130,30330,95000,95,30,,1015.467638,Y,90690
LP00218,Male,No,0,Graduate,Yes,68220,0,141000,141,18,1,1526.111865,Y,102330
LP002181,Male,No,0,Not Graduate,No,62160,0,133000,133,18,1,1494.232475,N,93240
LP002187,Male,No,0,Graduate,No,25000,0,96000,96,24,1,1191.243279,N,37500
LP002188,Male,No,0,Graduate,No,51150,0,115000,115,15,0,8.539944904,N,76725
LP002190,Male,Yes,1,Graduate,No,63250,0,175000,175,18,1,1966.09852,Y,94875
LP002191,Male,Yes,0,Graduate,No,19730,52660,570000,570,18,1,6403.863751,N,108585
LP002194,Female,No,0,Graduate,Yes,157590,0,55000,55,18,1,617.9166778,Y,236385
LP002197,Male,Yes,2,Graduate,No,51850,0,155000,155,18,1,1741.401546,Y,77775
LP002201,Male,Yes,2,Graduate,Yes,93230,78730,380000,380,30,1,4061.870551,Y,257940
LP002205,Male,No,1,Graduate,No,30620,19870,111000,111,18,0,1074.028905,N,75735
LP002209,Female,No,0,Graduate,,27640,14590,110000,110,18,1,1235.833356,Y,63345
LP002211,Male,Yes,0,Graduate,No,24170,9230,12000,12,18,1,116.111233,Y,50100
LP002219,Male,Yes,3,Graduate,No,87500,49960,130000,130,18,1,1460.530329,Y,206190
LP002223,Male,Yes,0,Graduate,No,43100,0,130000,130,18,,1460.530329,Y,64650
LP002215,Male,No,0,Graduate,No,30690,0,71000,71,24,1,881.201175,N,46035
LP002225,Male,Yes,2,Graduate,No,53910,0,130000,130,18,1,1460.530329,Y,80865
LP002226,Male,Yes,0,Graduate,,33330,25000,128000,128,18,1,1438.060632,Y,87495
LP002229,Male,No,0,Graduate,No,59410,42320,296000,296,18,1,3325.515211,Y,152595
LP002231,Female,No,0,Graduate,No,60000,0,156000,156,18,1,1752.618395,Y,90000
LP002234,Male,No,0,Graduate,Yes,71670,0,128000,128,18,1,1438.060632,Y,107505
LP002218,Male,Yes,2,Graduate,No,45660,0,100000,100,18,1,1123.242469,N,68490
LP002237,Male,No,1,Graduate,,18670,0,113000,113,18,1,1093.380777,Y,28005
LP002239,Male,No,0,Not Graduate,No,23460,16000,132000,132,18,1,1243.000027,Y,59190
LP002153,Male,Yes,0,Not Graduate,No,30100,31180,0,,18,0,0,N,91920
LP002154,Male,Yes,0,Graduate,No,23330,15170,118000,118,18,1,1527.939421,Y,57750
LP002250,Male,Yes,0,Graduate,No,52480,0,125000,125,18,1,1404.356086,Y,78720
LP002255,Male,No,3,Graduate,No,91670,0,185000,185,18,1,2078.447007,Y,137505
LP002262,Male,Yes,3,Graduate,No,95040,0,275000,275,18,1,3089.583389,Y,142560
LP002263,Male,Yes,0,Graduate,No,25830,21150,12000,12,18,,134.8181262,Y,70470
LP002265,Male,Yes,2,Not Graduate,No,19930,16250,113000,113,18,1,1093.380777,Y,54270
LP002266,Male,Yes,2,Graduate,No,31000,14000,113000,113,18,1,1269.537902,Y,67500
LP002272,Male,Yes,2,Graduate,No,32760,2440,135000,135,18,,1516.704573,Y,52800
LP002277,Female,No,0,Graduate,No,3180,0,71000,71,18,0,797.6742568,N,4770
LP002281,Male,Yes,0,Graduate,No,30330,14590,95000,95,18,1,1067.310625,Y,67380
LP002226,Male,No,0,Not Graduate,No,39020,16660,109000,109,18,1,1215.598507,Y,83520
LP002287,Female,No,0,Graduate,No,15000,1800,103000,103,18,0,1157.189415,N,25200
LP002288,Male,Yes,2,Not Graduate,No,28890,0,45000,45,18,0,435.4171237,N,43335
LP002296,Male,No,0,Not Graduate,No,27550,0,65000,65,30,1,694.7912669,N,41325
LP002297,Male,No,0,Graduate,No,25000,200000,103000,103,18,1,1157.189415,Y,337500
LP00230,Female,No,0,Not Graduate,No,19630,0,53000,53,18,1,595.4469804,Y,29445
LP002301,Female,No,0,Graduate,Yes,74410,0,194000,194,18,1,2179.560645,N,111615
LP002305,Female,No,0,Graduate,No,45470,0,115000,115,18,1,1292.007599,Y,68205
LP002308,Male,Yes,0,Not Graduate,No,21670,1500,115000,115,18,1,1292.007599,Y,34755
LP002314,Female,No,0,Not Graduate,No,22130,0,66000,66,18,1,741.5000133,Y,33195
LP002315,Male,Yes,1,Graduate,No,8300,0,152000,152,30,0,1615.72422,N,12450
LP002317,Male,Yes,3,Graduate,No,810000,0,18000,18,18,0,404.4545527,N,1215000
LP002318,Female,No,1,Not Graduate,Yes,38670,0,62000,62,18,1,696.5606186,N,58005
LP002319,Male,Yes,0,Graduate,,62560,0,160000,160,18,,1797.57579,Y,93840
LP002328,Male,Yes,0,Not Graduate,No,60960,0,218000,218,18,0,1549.197014,N,91440
LP002332,Male,Yes,0,Not Graduate,No,22530,20330,110000,110,18,1,1235.833356,Y,64290
LP002335,Female,Yes,0,Not Graduate,No,21490,32370,178000,178,18,0,1999.803066,N,80790
LP002337,Female,No,0,Graduate,No,29950,0,60000,60,18,1,674.0909212,Y,44925
LP002341,Female,No,1,Graduate,No,26000,0,160000,160,18,1,1797.57579,N,39000
LP002342,Male,Yes,2,Graduate,Yes,16000,200000,239000,239,18,1,2685.128818,N,324000
LP002345,Male,Yes,0,Graduate,No,10250,27730,112000,112,18,1,1258.303053,Y,56970
LP002347,Male,Yes,0,Graduate,No,31560,14170,138000,138,18,1,1550.409119,Y,68595
LP002324,Male,Yes,0,Graduate,No,58290,0,138000,138,18,1,1550.409119,Y,87435
LP002357,Female,No,0,Not Graduate,No,27200,0,80000,80,12,0,5.509641873,N,40800
LP002181,Male,Yes,0,Graduate,No,18200,17190,100000,100,18,1,1123.242469,Y,53085
LP002182,Male,Yes,1,Graduate,No,72500,16670,110000,110,18,0,7.575757576,N,133755
LP002126,Male,Yes,0,Graduate,No,124800,0,96000,96,18,1,1078.545474,Y,187200
LP002186,Male,Yes,0,Graduate,No,26660,4300,121000,121,18,1,1359.416691,Y,46440
LP002187,Female,No,1,Not Graduate,No,46060,0,81000,81,18,1,910.0227418,N,69090
LP002188,Male,Yes,2,Graduate,No,59350,0,133000,133,18,1,1494.232475,Y,89025
LP002189,Male,Yes,0,Graduate,No,29200,161.200026,187000,187,18,1,2100.916704,Y,44041.80004
LP002370,Male,No,0,Not Graduate,No,27170,0,120000,120,18,1,1161.11233,Y,40755
LP002377,Female,No,1,Graduate,Yes,86150,0,150000,150,18,1,1685.227303,Y,129225
LP002379,Male,No,0,Graduate,No,65000,0,105000,105,18,0,1179.659112,N,97500
LP002386,Male,No,0,Graduate,,128760,0,405000,405,18,1,4550.113718,Y,193140
LP002387,Male,Yes,0,Graduate,No,15250,23400,143000,143,18,1,1606.583182,Y,57975
LP002390,Male,No,0,Graduate,No,37500,0,100000,100,18,1,1123.242469,Y,56250
LP002393,Female,,,Graduate,No,100470,0,1500000,1500,15,1,15254.88702,Y,150705
LP002398,Male,No,0,Graduate,No,19260,18510,250000,250,18,1,2808.712172,Y,56655
LP00151,Male,Yes,0,Graduate,No,22130,11250,126000,126,18,1,2067.212158,Y,50070
LP00153,Male,No,0,Graduate,Yes,104160,0,187000,187,18,0,2100.916704,N,156240
LP00157,Female,Yes,0,Not Graduate,Yes,71420,0,138000,138,18,1,1550.409119,Y,107130
LP00158,Male,No,0,Graduate,No,18600,50640,187000,187,18,1,2100.916704,Y,103860
LP00159,Male,Yes,0,Graduate,No,79010,18330,18000,18,18,1,202.2272764,Y,146010
LP001518,Male,No,3,Not Graduate,No,47070,19930,124000,124,18,1,1662.757606,Y,100500
LP001522,Male,No,1,Graduate,No,377190,0,152000,152,18,1,1707.697,Y,565785
LP001515,Male,Yes,0,Graduate,No,73330,83330,175000,175,30,,1870.59828,Y,234990
LP001529,Male,Yes,1,Graduate,Yes,34660,12100,130000,130,18,1,1460.530329,Y,70140
LP001534,Male,Yes,2,Not Graduate,No,46520,0,110000,110,18,1,1235.833356,Y,69780
LP001535,Male,Yes,0,Graduate,,35390,13760,55000,55,18,1,617.9166778,N,73725
LP001543,Male,Yes,2,Graduate,No,33400,17100,150000,150,18,0,1685.227303,N,75750
LP001544,Male,No,1,Not Graduate,Yes,27690,15420,190000,190,18,,2134.62125,N,64665
LP001546,Male,Yes,2,Not Graduate,No,23090,12550,125000,125,18,0,1404.356086,N,53460
LP001547,Male,Yes,2,Not Graduate,No,19580,14560,60000,60,30,,641.3479817,Y,51210
LP001524,Male,Yes,0,Graduate,No,3924,17330,149000,149,18,0,1673.991554,N,31881
LP001549,Male,Yes,0,Graduate,No,15830,15660,90000,90,18,0,870.8341574,Y,47235
LP001553,Male,No,0,Graduate,Yes,70850,0,244000,244,18,1,5437.666764,Y,106275
LP001555,Male,Yes,2,Graduate,No,38590,0,196000,196,18,1,2202.030343,Y,57885
LP001559,Male,Yes,0,Graduate,No,43010,0,118000,118,18,1,1325.712145,Y,64515
LP001567,Male,Yes,0,Graduate,No,37080,25690,173000,173,18,1,1943.628823,N,94155
LP001572,Male,No,2,Graduate,No,43540,0,118000,118,18,1,1527.939421,Y,65310
LP001573,Male,Yes,0,Graduate,No,83340,0,160000,160,18,1,1797.57579,N,125010
LP001578,,Yes,0,Graduate,Yes,20830,40830,160000,160,18,,1797.57579,Y,92490
LP001526,Male,Yes,3,Graduate,No,77400,0,128000,128,18,1,1238.519818,Y,116100
LP001587,Male,Yes,0,Graduate,No,30150,21880,153000,153,18,1,1718.931269,Y,78045
LP001589,Female,No,1,Not Graduate,,51910,0,132000,132,18,1,1243.000027,Y,77865
LP001593,Male,No,0,Graduate,No,41660,0,298000,298,18,0,3347.926909,N,62490
LP001594,Male,No,0,Graduate,No,60000,0,140000,140,18,1,1572.878816,Y,90000
LP002500,Male,Yes,3,Not Graduate,No,29470,16640,70000,70,18,0,677.3155257,N,69165
LP002501,,Yes,0,Graduate,No,166920,0,110000,110,18,1,1235.833356,Y,250380
LP002502,Female,Yes,2,Not Graduate,,2100,29170,128000,128,18,1,1438.060632,Y,46905
LP002505,Male,Yes,0,Graduate,No,43330,15510,110000,110,18,1,1235.833356,N,88260
LP002515,Male,Yes,1,Graduate,Yes,34500,20790,162000,162,18,1,1820.045247,Y,82935
LP002517,Male,Yes,1,Not Graduate,No,26530,15000,113000,113,18,0,1093.380777,N,62295
LP002519,Male,Yes,3,Graduate,No,46910,0,100000,100,18,1,1123.242469,Y,70365
LP002522,Female,No,0,Graduate,Yes,25000,0,293000,293,18,,3291.810665,Y,37500
LP002515,Male,No,2,Graduate,No,55320,4624,162000,162,18,1,1820.045247,Y,89916
LP002527,Male,Yes,2,Graduate,Yes,165250,10140,150000,150,18,1,1685.227303,Y,263085
LP002529,Male,Yes,2,Graduate,No,67000,17500,230000,230,30,1,1558.500597,Y,126750
LP002530,,Yes,2,Graduate,No,28730,18720,132000,132,18,0,1243.000027,N,71175
LP002531,Male,Yes,1,Graduate,Yes,166670,22500,86000,86,18,1,966.1969871,Y,283755
LP002533,Male,Yes,2,Graduate,No,29470,16030,250000,250,18,1,2808.712172,N,68250
LP002534,Female,No,0,Not Graduate,No,43500,0,154000,154,18,1,1730.166698,Y,65250
LP002518,Male,Yes,3,Not Graduate,No,30950,0,113000,113,18,1,1269.537902,Y,46425
LP002537,Male,Yes,0,Graduate,No,20830,31500,128000,128,18,1,1438.060632,Y,78495
LP002541,Male,Yes,0,Graduate,No,108330,0,234000,234,18,1,2628.954593,Y,162495
LP002543,Male,Yes,2,Graduate,No,83330,0,156000,156,18,1,2763.772777,Y,124995
LP002544,Male,Yes,1,Not Graduate,No,19580,15180,131000,131,18,1,1471.765178,Y,52140
LP002545,Male,No,2,Graduate,No,35470,0,80000,80,18,0,898.7878949,N,53205
LP002547,Male,Yes,1,Graduate,No,183330,0,500000,500,18,1,5617.415343,N,274995
LP002555,Male,Yes,2,Graduate,Yes,45830,20830,160000,160,18,1,1797.57579,Y,99990
LP002556,Male,No,0,Graduate,No,15350,0,75000,75,18,1,262.6118515,N,23025
LP002560,Male,No,0,Not Graduate,No,26990,27850,296000,296,18,,3325.515211,Y,82260
LP002562,Male,Yes,1,Not Graduate,No,53330,11310,186000,186,18,,2089.681856,Y,96960
LP002571,Male,No,0,Not Graduate,No,18910,0,110000,110,18,1,1235.833356,Y,28365
LP002582,Female,No,0,Not Graduate,Yes,172630,0,225000,225,18,1,2527.260955,Y,258945
LP002585,Male,Yes,0,Graduate,No,35970,21570,119000,119,18,0,1318.946994,N,86310
LP002586,Female,Yes,1,Graduate,No,33260,9130,105000,105,26,1,1756.930134,Y,63585
LP002587,Male,Yes,0,Not Graduate,No,26000,17000,107000,107,18,1,1202.128809,Y,64500
LP002588,Male,Yes,0,Graduate,No,46250,28570,111000,111,12,,1021.859587,Y,112230
LP002600,Male,Yes,1,Graduate,Yes,28950,0,95000,95,18,1,1067.310625,Y,43425
LP002602,Male,No,0,Graduate,No,62830,44160,209000,209,18,0,2324.083376,N,160485
LP002603,Female,No,0,Graduate,No,6450,18830,113000,113,24,1,1402.47511,Y,37920
LP002606,Female,No,0,Graduate,No,31590,0,100000,100,18,1,1123.242469,Y,47385
LP002615,Male,Yes,2,Graduate,No,24650,56150,208000,208,18,1,2318.824527,Y,121200
LP002618,Male,Yes,1,Not Graduate,No,40500,53020,138000,138,18,,1550.409119,N,140280
LP002619,Male,Yes,0,Not Graduate,No,38140,12430,115000,115,30,1,1325.451596,Y,75855
LP002622,Male,Yes,2,Graduate,No,35100,44160,153000,153,18,1,2730.068231,Y,118890
LP002615,Male,Yes,0,Graduate,No,208330,66670,24000,24,18,,539.272737,Y,412500
LP002625,,No,0,Graduate,No,35830,0,96000,96,18,1,1078.545474,N,53745
LP002626,Male,Yes,0,Graduate,Yes,15790,30130,188000,188,18,1,2112.151553,Y,68880
LP002634,Female,No,1,Graduate,No,132620,0,40000,40,18,1,449.3939475,Y,198930
LP002637,Male,No,0,Not Graduate,No,35980,12870,100000,100,18,1,1123.242469,N,73275
LP002640,Male,Yes,1,Graduate,No,60650,20040,250000,250,18,1,2808.712172,Y,121035
LP002643,Male,Yes,2,Graduate,No,32830,20350,124000,124,18,1,1662.757606,Y,79770
LP002624,Male,Yes,0,Graduate,No,2130,66660,70000,70,18,1,677.3155257,N,103185
LP002652,Male,No,0,Graduate,No,58150,18660,311000,311,18,1,3494.037942,N,115215
LP002659,Male,Yes,3,Graduate,No,34660,34280,150000,150,18,1,1685.227303,Y,103410
LP002670,Female,Yes,2,Graduate,No,20310,16320,113000,113,24,1,1402.47511,Y,54945
LP002682,Male,Yes,,Not Graduate,No,30740,1800,123000,123,18,0,1381.886388,N,48810
LP002683,Male,No,0,Graduate,No,46830,19150,185000,185,18,1,2078.447007,N,98970
LP002626,Female,No,0,Not Graduate,No,34000,0,195000,195,18,1,2190.795494,N,51000
LP002689,Male,Yes,2,Not Graduate,No,21920,17420,145000,145,18,1,1629.05306,Y,59010
LP002690,Male,No,0,Graduate,No,25000,0,155000,155,18,1,1741.401546,Y,37500
LP002692,Male,Yes,3,Graduate,Yes,56770,14150,120000,120,18,1,1324.181262,Y,106380
LP002693,Male,Yes,2,Graduate,Yes,7924,71660,424000,424,18,1,5033.212212,Y,119376
LP002697,Male,No,0,Graduate,No,46800,20870,350000,350,18,1,3932.19704,N,101505
LP002699,Male,Yes,2,Graduate,Yes,175000,0,400000,400,18,1,4493.939475,Y,262500
LP002705,Male,Yes,0,Graduate,No,37750,0,110000,110,18,1,1235.833356,Y,56625
LP002706,Male,Yes,1,Not Graduate,No,52850,1430,161000,161,18,0,1808.810639,Y,81420
LP002714,Male,No,1,Not Graduate,No,26790,13020,194000,194,18,1,2179.560645,Y,59715
LP002716,Male,No,0,Not Graduate,No,67830,0,130000,130,18,1,1460.530329,Y,101745
LP002717,Male,Yes,0,Graduate,No,10250,55000,216000,216,18,,1526.727316,Y,97875
LP002720,Male,Yes,3,Graduate,No,42810,0,100000,100,18,1,1123.242469,Y,64215
LP002723,Male,No,2,Graduate,No,35880,0,110000,110,18,0,1235.833356,N,53820
LP002729,Male,No,1,Graduate,No,112500,0,196000,196,18,,2202.030343,N,168750
LP002731,Female,No,0,Not Graduate,Yes,181650,0,125000,125,18,1,1404.356086,Y,272475
LP002732,Male,No,0,Not Graduate,,25500,20420,126000,126,18,1,1415.590935,Y,68880
LP002734,Male,Yes,0,Graduate,No,61330,39060,315000,315,18,1,1260.090975,Y,150585
LP002738,Male,No,2,Graduate,No,18170,0,107000,107,18,1,1202.128809,Y,27255
LP002739,Male,Yes,0,Not Graduate,No,29170,5180,166000,166,18,1,1864.982482,N,51525
LP002740,Male,Yes,3,Graduate,No,64170,0,157000,157,18,1,1519.121965,Y,96255
LP002741,Female,Yes,1,Graduate,No,46080,22650,140000,140,18,1,1354.631051,Y,103095
LP002743,Female,No,0,Graduate,No,21380,0,99000,99,18,0,1112.25002,N,32070
LP002753,Female,No,1,Graduate,,18520,0,195000,195,18,1,2190.795494,Y,27780
LP002755,Male,Yes,1,Not Graduate,No,22390,25150,128000,128,18,1,1438.060632,Y,71310
LP002757,Female,Yes,0,Not Graduate,No,30170,6630,102000,102,18,,1145.954566,Y,55200
LP002767,Male,Yes,0,Graduate,No,27680,19500,155000,155,18,1,1741.401546,Y,70770
LP002768,Male,No,0,Not Graduate,No,33580,0,180000,180,18,1,2022.272764,N,50370
LP002772,Male,No,0,Graduate,No,25260,17830,145000,145,18,1,1629.05306,Y,64635
LP002776,Female,No,0,Graduate,No,50000,0,103000,103,18,0,1157.189415,N,75000
LP002777,Male,Yes,0,Graduate,No,27850,20160,110000,110,18,1,1235.833356,Y,72015
LP002778,Male,Yes,2,Graduate,Yes,66330,0,185000,185,18,0,4100.719771,N,99495
LP002726,Male,Yes,1,Not Graduate,No,15920,23750,254000,254,18,1,2853.651566,Y,59505
LP002785,Male,Yes,1,Graduate,No,33330,32500,158000,158,18,1,1775.106093,Y,98745
LP002788,Male,Yes,0,Not Graduate,No,15540,23330,181000,181,18,0,2033.507612,N,58305
LP002789,Male,Yes,0,Graduate,No,35930,42660,132000,132,18,0,1277.223563,N,117885
LP002792,Male,Yes,1,Graduate,No,54680,10320,226000,226,18,1,2539.075803,Y,97500
LP002794,Female,No,0,Graduate,No,26670,16250,126000,126,18,,2067.212158,Y,64380
LP002795,Male,Yes,3,Graduate,Yes,101390,0,260000,260,18,1,2921.060659,Y,152085
LP002798,Male,Yes,0,Graduate,No,38870,26690,162000,162,18,1,1820.045247,Y,98340
LP002804,Female,Yes,0,Graduate,No,4180,23060,182000,182,18,1,2044.741561,Y,40860
LP002807,Male,Yes,2,Not Graduate,No,18750,1520,108000,108,18,1,1213.181858,Y,30405
LP002813,Female,Yes,1,Graduate,Yes,192440,0,600000,600,18,1,6740.909212,Y,288660
LP002820,Male,Yes,0,Graduate,No,59230,20540,211000,211,18,1,2370.553073,Y,119655
LP002821,Male,No,0,Not Graduate,Yes,58000,0,132000,132,18,1,1243.000027,Y,87000
LP002832,Male,Yes,2,Graduate,No,87990,0,558000,558,18,0,6269.045567,N,131985
LP002833,Male,Yes,0,Not Graduate,No,44670,0,120000,120,18,,1324.181262,Y,67005
LP002818,Male,No,0,Graduate,No,33330,0,270000,270,18,1,3033.409145,Y,49995
LP002837,Male,Yes,3,Graduate,No,34000,25000,123000,123,18,0,1381.886388,N,88500
LP002260,Female,No,0,Graduate,No,23780,0,290000,290,18,1,3258.106119,N,35670
LP002261,Male,Yes,0,Graduate,No,31660,20640,104000,104,18,0,1168.415263,N,78450
LP002262,Male,Yes,1,Graduate,No,34170,17500,186000,186,18,1,2089.681856,Y,77505
LP002267,Male,Yes,,Graduate,No,51160,14510,165000,165,18,0,1853.750033,N,98505
LP002855,Male,Yes,2,Graduate,No,166660,0,275000,275,18,1,3089.583389,Y,249990
LP002862,Male,Yes,2,Not Graduate,No,61250,16250,187000,187,24,1,2320.910137,N,116250
LP002863,Male,Yes,3,Graduate,No,64060,0,150000,150,18,1,1685.227303,N,96090
LP002868,Male,Yes,2,Graduate,No,31590,4610,108000,108,26,1,1807.128137,Y,54300
LP002872,,Yes,0,Graduate,No,30870,22100,118000,118,18,0,1527.939421,N,79455
LP002874,Male,No,0,Graduate,No,32290,27390,110000,110,18,1,1235.833356,Y,89520
LP002877,Male,Yes,1,Graduate,No,17820,22320,107000,107,18,1,1202.128809,Y,60210
LP002888,Male,No,0,Graduate,,31820,29170,161000,161,18,1,1808.810639,Y,91485
LP002892,Male,Yes,2,Graduate,No,65400,0,205000,205,18,1,2303.143981,Y,98100
LP002893,Male,No,0,Graduate,No,18180,338370,90000,90,18,1,1011.118382,N,534825
LP002894,Female,Yes,0,Graduate,No,31660,0,18000,18,18,1,404.4545527,Y,47490
LP002898,Male,Yes,1,Graduate,No,18800,0,61000,61,18,,685.3257699,N,28200
LP002911,Male,Yes,1,Graduate,No,27870,19170,146000,146,18,0,1640.287908,N,70560
LP002912,Male,Yes,1,Graduate,No,42830,3000,172000,172,26,1,2878.018885,N,68745
LP002916,Male,Yes,0,Graduate,No,22970,15220,104000,104,18,1,1168.415263,Y,57285
LP002917,Female,No,0,Not Graduate,No,21650,0,70000,70,18,1,786.4394081,Y,32475
LP002925,,No,0,Graduate,No,47500,0,94000,94,18,1,1056.075777,Y,71250
LP002926,Male,Yes,2,Graduate,Yes,27260,0,106000,106,18,0,1190.893961,N,40890
LP002928,Male,Yes,0,Graduate,No,3000,34160,56000,56,18,1,541.8515206,Y,55740
LP002931,Male,Yes,2,Graduate,Yes,60000,0,505000,505,15,1,5135.811962,N,90000
LP002933,,No,3,Graduate,Yes,93570,0,1920000,1920,18,1,21570.90924,Y,140355
LP002918,Male,Yes,0,Graduate,No,38590,3300,142000,142,18,1,1373.982915,Y,62835
LP002938,Male,Yes,0,Graduate,Yes,16120,0,260000,260,18,1,2921.060659,Y,24180
LP002940,Male,No,0,Not Graduate,No,38330,0,110000,110,18,1,1235.833356,Y,57495
LP002941,Male,Yes,2,Not Graduate,Yes,63830,10000,587000,587,18,1,6594.856179,N,110745
LP002943,Male,No,,Graduate,No,29870,0,248000,248,18,0,5242.606159,N,44805
LP002945,Male,Yes,0,Graduate,Yes,99630,0,180000,180,18,1,2022.272764,Y,149445
LP002924,Male,Yes,2,Graduate,No,57800,0,192000,192,18,1,2157.090924,Y,86700
LP002949,Female,No,3,Graduate,,4160,416670,350000,350,18,,3386.577629,N,631245
LP002950,Male,Yes,0,Not Graduate,,28940,27920,155000,155,18,1,1741.401546,Y,85290
LP002953,Male,Yes,3,Graduate,No,57030,0,428000,428,18,1,2408.515238,Y,85545
LP002958,Male,No,0,Graduate,No,18760,43010,172000,172,18,1,1932.393974,Y,92655
LP002959,Female,Yes,1,Graduate,No,12000,0,96000,96,18,1,1078.545474,Y,18000
LP002960,Male,Yes,0,Not Graduate,No,1500,38000,210000,210,18,1,2031.946577,N,59250
LP002961,Male,Yes,1,Graduate,No,34000,25000,173000,173,18,1,1943.628823,Y,88500
LP002964,Male,Yes,2,Not Graduate,No,39870,14110,157000,157,18,1,1763.871154,Y,80970
LP002974,Male,Yes,0,Graduate,No,32320,19500,108000,108,18,1,1213.181858,Y,77730
LP002978,Female,No,0,Graduate,No,29000,0,171000,171,18,1,1921.159125,Y,43500
LP002979,Male,Yes,3,Graduate,No,41060,0,140000,140,18,1,1354.631051,Y,61590
LP002983,Male,Yes,1,Graduate,No,80720,150,353000,353,18,1,3965.901586,Y,121305
LP002926,Male,Yes,2,Graduate,No,75830,0,387000,387,15,1,4347.886442,Y,113745
LP002990,Female,No,0,Graduate,Yes,45830,0,133000,133,18,0,1494.232475,N,68745
